nombre,email,edad
iris,iris@example.com,33
fer,FER@example.com,34
toni,toni@example.com,25
casti,casti@example.com,41
luis,luis@example.com,30
martin,martin@example.com,60
manoli,manoli@example.com,55
lucy,lucy@example.com,59
usuario001,usuario001@example.com,25
usuario002,usuario002@example.com,30
usuario003,usuario003@example.com,35
usuario004,usuario004@example.com,40
usuario005,usuario005@example.com,45
usuario006,usuario006@example.com,28
usuario007,usuario007@example.com,33
usuario008,usuario008@example.com,38
usuario009,usuario009@example.com,43
usuario010,usuario010@example.com,48
usuario011,usuario011@example.com,26
usuario012,usuario012@example.com,31
usuario013,usuario013@example.com,36
usuario014,usuario014@example.com,41
usuario015,usuario015@example.com,46
usuario016,usuario016@example.com,29
usuario017,usuario017@example.com,34
usuario018,usuario018@example.com,39
usuario019,usuario019@example.com,44
usuario020,usuario020@example.com,49
usuario021,usuario021@example.com,27
usuario022,usuario022@example.com,32
usuario023,usuario023@example.com,37
usuario024,usuario024@example.com,42
usuario025,usuario025@example.com,47
usuario026,usuario026@example.com,52
usuario027,usuario027@example.com,24
usuario028,usuario028@example.com,29
usuario029,usuario029@example.com,34
usuario030,usuario030@example.com,39
usuario031,usuario031@example.com,44
usuario032,usuario032@example.com,49
usuario033,usuario033@example.com,54
usuario034,usuario034@example.com,23
usuario035,usuario035@example.com,28
usuario036,usuario036@example.com,33
usuario037,usuario037@example.com,38
usuario038,usuario038@example.com,43
usuario039,usuario039@example.com,48
usuario040,usuario040@example.com,53
usuario041,usuario041@example.com,25
usuario042,usuario042@example.com,30
usuario043,usuario043@example.com,35
usuario044,usuario044@example.com,40
usuario045,usuario045@example.com,45
usuario046,usuario046@example.com,50
usuario047,usuario047@example.com,55
usuario048,usuario048@example.com,22
usuario049,usuario049@example.com,27
usuario050,usuario050@example.com,32
usuario051,usuario051@example.com,37
usuario052,usuario052@example.com,42
usuario053,usuario053@example.com,47
usuario054,usuario054@example.com,52
usuario055,usuario055@example.com,57
usuario056,usuario056@example.com,21
usuario057,usuario057@example.com,26
usuario058,usuario058@example.com,31
usuario059,usuario059@example.com,36
usuario060,usuario060@example.com,41
usuario061,usuario061@example.com,46
usuario062,usuario062@example.com,51
usuario063,usuario063@example.com,56
usuario064,usuario064@example.com,61
usuario065,usuario065@example.com,20
usuario066,usuario066@example.com,25
usuario067,usuario067@example.com,30
usuario068,usuario068@example.com,35
usuario069,usuario069@example.com,40
usuario070,usuario070@example.com,45
usuario071,usuario071@example.com,50
usuario072,usuario072@example.com,55
usuario073,usuario073@example.com,60
usuario074,usuario074@example.com,19
usuario075,usuario075@example.com,24
usuario076,usuario076@example.com,29
usuario077,usuario077@example.com,34
usuario078,usuario078@example.com,39
usuario079,usuario079@example.com,44
usuario080,usuario080@example.com,49
usuario081,usuario081@example.com,54
usuario082,usuario082@example.com,59
usuario083,usuario083@example.com,64
usuario084,usuario084@example.com,18
usuario085,usuario085@example.com,23
usuario086,usuario086@example.com,28
usuario087,usuario087@example.com,33
usuario088,usuario088@example.com,38
usuario089,usuario089@example.com,43
usuario090,usuario090@example.com,48
usuario091,usuario091@example.com,53
usuario092,usuario092@example.com,58
usuario093,usuario093@example.com,63
usuario094,usuario094@example.com,68
usuario095,usuario095@example.com,17
usuario096,usuario096@example.com,22
usuario097,usuario097@example.com,27
usuario098,usuario098@example.com,32
usuario099,usuario099@example.com,37
usuario100,usuario100@example.com,42
usuario101,usuario101@example.com,47
usuario102,usuario102@example.com,52
usuario103,usuario103@example.com,57
usuario104,usuario104@example.com,62
usuario105,usuario105@example.com,67
usuario106,usuario106@example.com,16
usuario107,usuario107@example.com,21
usuario108,usuario108@example.com,26
usuario109,usuario109@example.com,31
usuario110,usuario110@example.com,36
usuario111,usuario111@example.com,41
usuario112,usuario112@example.com,46
usuario113,usuario113@example.com,51
usuario114,usuario114@example.com,56
usuario115,usuario115@example.com,61
usuario116,usuario116@example.com,66
usuario117,usuario117@example.com,71
usuario118,usuario118@example.com,15
usuario119,usuario119@example.com,20
usuario120,usuario120@example.com,25
usuario121,usuario121@example.com,30
usuario122,usuario122@example.com,35
usuario123,usuario123@example.com,40
usuario124,usuario124@example.com,45
usuario125,usuario125@example.com,50
usuario126,usuario126@example.com,55
usuario127,usuario127@example.com,60
usuario128,usuario128@example.com,65
usuario129,usuario129@example.com,70
usuario130,usuario130@example.com,14
usuario131,usuario131@example.com,19
usuario132,usuario132@example.com,24
usuario133,usuario133@example.com,29
usuario134,usuario134@example.com,34
usuario135,usuario135@example.com,39
usuario136,usuario136@example.com,44
usuario137,usuario137@example.com,49
usuario138,usuario138@example.com,54
usuario139,usuario139@example.com,59
usuario140,usuario140@example.com,64
usuario141,usuario141@example.com,69
usuario142,usuario142@example.com,74
usuario143,usuario143@example.com,13
usuario144,usuario144@example.com,18
usuario145,usuario145@example.com,23
usuario146,usuario146@example.com,28
usuario147,usuario147@example.com,33
usuario148,usuario148@example.com,38
usuario149,usuario149@example.com,43
usuario150,usuario150@example.com,48
usuario151,usuario151@example.com,53
usuario152,usuario152@example.com,58
usuario153,usuario153@example.com,63
usuario154,usuario154@example.com,68
usuario155,usuario155@example.com,73
usuario156,usuario156@example.com,78
usuario157,usuario157@example.com,12
usuario158,usuario158@example.com,17
usuario159,usuario159@example.com,22
usuario160,usuario160@example.com,27
usuario161,usuario161@example.com,32
usuario162,usuario162@example.com,37
usuario163,usuario163@example.com,42
usuario164,usuario164@example.com,47
usuario165,usuario165@example.com,52
usuario166,usuario166@example.com,57
usuario167,usuario167@example.com,62
usuario168,usuario168@example.com,67
usuario169,usuario169@example.com,72
usuario170,usuario170@example.com,77
usuario171,usuario171@example.com,11
usuario172,usuario172@example.com,16
usuario173,usuario173@example.com,21
usuario174,usuario174@example.com,26
usuario175,usuario175@example.com,31
usuario176,usuario176@example.com,36
usuario177,usuario177@example.com,41
usuario178,usuario178@example.com,46
usuario179,usuario179@example.com,51
usuario180,usuario180@example.com,56
usuario181,usuario181@example.com,61
usuario182,usuario182@example.com,66
usuario183,usuario183@example.com,71
usuario184,usuario184@example.com,76
usuario185,usuario185@example.com,81
usuario186,usuario186@example.com,10
usuario187,usuario187@example.com,15
usuario188,usuario188@example.com,20
usuario189,usuario189@example.com,25
usuario190,usuario190@example.com,30
usuario191,usuario191@example.com,35
usuario192,usuario192@example.com,40
usuario193,usuario193@example.com,45
usuario194,usuario194@example.com,50
usuario195,usuario195@example.com,55
usuario196,usuario196@example.com,60
usuario197,usuario197@example.com,65
usuario198,usuario198@example.com,70
usuario199,usuario199@example.com,75
usuario200,usuario200@example.com,80
usuario201,usuario201@example.com,9
usuario202,usuario202@example.com,14
usuario203,usuario203@example.com,19
usuario204,usuario204@example.com,24
usuario205,usuario205@example.com,29
usuario206,usuario206@example.com,34
usuario207,usuario207@example.com,39
usuario208,usuario208@example.com,44
usuario209,usuario209@example.com,49
usuario210,usuario210@example.com,54
usuario211,usuario211@example.com,59
usuario212,usuario212@example.com,64
usuario213,usuario213@example.com,69
usuario214,usuario214@example.com,74
usuario215,usuario215@example.com,79
usuario216,usuario216@example.com,84
usuario217,usuario217@example.com,8
usuario218,usuario218@example.com,13
usuario219,usuario219@example.com,18
usuario220,usuario220@example.com,23
usuario221,usuario221@example.com,28
usuario222,usuario222@example.com,33
usuario223,usuario223@example.com,38
usuario224,usuario224@example.com,43
usuario225,usuario225@example.com,48
usuario226,usuario226@example.com,53
usuario227,usuario227@example.com,58
usuario228,usuario228@example.com,63
usuario229,usuario229@example.com,68
usuario230,usuario230@example.com,73
usuario231,usuario231@example.com,78
usuario232,usuario232@example.com,83
usuario233,usuario233@example.com,7
usuario234,usuario234@example.com,12
usuario235,usuario235@example.com,17
usuario236,usuario236@example.com,22
usuario237,usuario237@example.com,27
usuario238,usuario238@example.com,29
usuario239,usuario239@example.com,34
usuario240,usuario240@example.com,39
usuario241,usuario241@example.com,44
usuario242,usuario242@example.com,49
usuario243,usuario243@example.com,54
usuario244,usuario244@example.com,59
usuario245,usuario245@example.com,64
usuario246,usuario246@example.com,69
usuario247,usuario247@example.com,74
usuario248,usuario248@example.com,79
usuario249,usuario249@example.com,82
usuario250,usuario250@example.com,6
usuario251,usuario251@example.com,11
usuario252,usuario252@example.com,16
usuario253,usuario253@example.com,21
usuario254,usuario254@example.com,26
usuario255,usuario255@example.com,31
usuario256,usuario256@example.com,36
usuario257,usuario257@example.com,41
usuario258,usuario258@example.com,46
usuario259,usuario259@example.com,51
usuario260,usuario260@example.com,56
usuario261,usuario261@example.com,61
usuario262,usuario262@example.com,66
usuario263,usuario263@example.com,71
usuario264,usuario264@example.com,76
usuario265,usuario265@example.com,81
usuario266,usuario266@example.com,5
usuario267,usuario267@example.com,10
usuario268,usuario268@example.com,15
usuario269,usuario269@example.com,20
usuario270,usuario270@example.com,25
usuario271,usuario271@example.com,30
usuario272,usuario272@example.com,35
usuario273,usuario273@example.com,40
usuario274,usuario274@example.com,45
usuario275,usuario275@example.com,50
usuario276,usuario276@example.com,55
usuario277,usuario277@example.com,60
usuario278,usuario278@example.com,65
usuario279,usuario279@example.com,70
usuario280,usuario280@example.com,75
usuario281,usuario281@example.com,4
usuario282,usuario282@example.com,9
usuario283,usuario283@example.com,14
usuario284,usuario284@example.com,19
usuario285,usuario285@example.com,24
usuario286,usuario286@example.com,29
usuario287,usuario287@example.com,34
usuario288,usuario288@example.com,39
usuario289,usuario289@example.com,41
usuario290,usuario290@example.com,46
usuario291,usuario291@example.com,51
usuario292,usuario292@example.com,56
usuario293,usuario293@example.com,61
usuario294,usuario294@example.com,66
usuario295,usuario295@example.com,71
usuario296,usuario296@example.com,76
usuario297,usuario297@example.com,3
usuario298,usuario298@example.com,8
usuario299,usuario299@example.com,13
usuario300,usuario300@example.com,18
usuario301,usuario301@example.com,23
usuario302,usuario302@example.com,28
usuario303,usuario303@example.com,33
usuario304,usuario304@example.com,38
usuario305,usuario305@example.com,43
usuario306,usuario306@example.com,48
usuario307,usuario307@example.com,53
usuario308,usuario308@example.com,58
usuario309,usuario309@example.com,63
usuario310,usuario310@example.com,68
usuario311,usuario311@example.com,73
usuario312,usuario312@example.com,2
usuario313,usuario313@example.com,7
usuario314,usuario314@example.com,12
usuario315,usuario315@example.com,17
usuario316,usuario316@example.com,22
usuario317,usuario317@example.com,27
usuario318,usuario318@example.com,32
usuario319,usuario319@example.com,37
usuario320,usuario320@example.com,42
usuario321,usuario321@example.com,47
usuario322,usuario322@example.com,52
usuario323,usuario323@example.com,57
usuario324,usuario324@example.com,62
usuario325,usuario325@example.com,67
usuario326,usuario326@example.com,72
usuario327,usuario327@example.com,77
usuario328,usuario328@example.com,1
usuario329,usuario329@example.com,6
usuario330,usuario330@example.com,11
usuario331,usuario331@example.com,16
usuario332,usuario332@example.com,21
usuario333,usuario333@example.com,26
usuario334,usuario334@example.com,31
usuario335,usuario335@example.com,36
usuario336,usuario336@example.com,41
usuario337,usuario337@example.com,46
usuario338,usuario338@example.com,51
usuario339,usuario339@example.com,56
usuario340,usuario340@example.com,61
usuario341,usuario341@example.com,66
usuario342,usuario342@example.com,71
usuario343,usuario343@example.com,76
usuario344,usuario344@example.com,81
usuario345,usuario345@example.com,25
usuario346,usuario346@example.com,30
usuario347,usuario347@example.com,35
usuario348,usuario348@example.com,40
usuario349,usuario349@example.com,45
usuario350,usuario350@example.com,50
usuario351,usuario351@example.com,55
usuario352,usuario352@example.com,60
usuario353,usuario353@example.com,65
usuario354,usuario354@example.com,70
usuario355,usuario355@example.com,75
usuario356,usuario356@example.com,80
usuario357,usuario357@example.com,85
usuario358,usuario358@example.com,24
usuario359,usuario359@example.com,29
usuario360,usuario360@example.com,34
usuario361,usuario361@example.com,39
usuario362,usuario362@example.com,44
usuario363,usuario363@example.com,49
usuario364,usuario364@example.com,54
usuario365,usuario365@example.com,59
usuario366,usuario366@example.com,64
usuario367,usuario367@example.com,69
usuario368,usuario368@example.com,74
usuario369,usuario369@example.com,79
usuario370,usuario370@example.com,84
usuario371,usuario371@example.com,89
usuario372,usuario372@example.com,23
usuario373,usuario373@example.com,28
usuario374,usuario374@example.com,33
usuario375,usuario375@example.com,38
usuario376,usuario376@example.com,43
usuario377,usuario377@example.com,48
usuario378,usuario378@example.com,53
usuario379,usuario379@example.com,58
usuario380,usuario380@example.com,63
usuario381,usuario381@example.com,68
usuario382,usuario382@example.com,73
usuario383,usuario383@example.com,78
usuario384,usuario384@example.com,83
usuario385,usuario385@example.com,88
usuario386,usuario386@example.com,22
usuario387,usuario387@example.com,27
usuario388,usuario388@example.com,32
usuario389,usuario389@example.com,37
usuario390,usuario390@example.com,42
usuario391,usuario391@example.com,47
usuario392,usuario392@example.com,52
usuario393,usuario393@example.com,57
usuario394,usuario394@example.com,62
usuario395,usuario395@example.com,67
usuario396,usuario396@example.com,72
usuario397,usuario397@example.com,77
usuario398,usuario398@example.com,82
usuario399,usuario399@example.com,87
usuario400,usuario400@example.com,92
usuario401,usuario401@example.com,21
usuario402,usuario402@example.com,26
usuario403,usuario403@example.com,31
usuario404,usuario404@example.com,36
usuario405,usuario405@example.com,41
usuario406,usuario406@example.com,46
usuario407,usuario407@example.com,51
usuario408,usuario408@example.com,56
usuario409,usuario409@example.com,61
usuario410,usuario410@example.com,66
usuario411,usuario411@example.com,71
usuario412,usuario412@example.com,76
usuario413,usuario413@example.com,81
usuario414,usuario414@example.com,86
usuario415,usuario415@example.com,91
usuario416,usuario416@example.com,20
usuario417,usuario417@example.com,25
usuario418,usuario418@example.com,30
usuario419,usuario419@example.com,35
usuario420,usuario420@example.com,40
usuario421,usuario421@example.com,45
usuario422,usuario422@example.com,50
usuario423,usuario423@example.com,55
usuario424,usuario424@example.com,60
usuario425,usuario425@example.com,65
usuario426,usuario426@example.com,70
usuario427,usuario427@example.com,75
usuario428,usuario428@example.com,80
usuario429,usuario429@example.com,85
usuario430,usuario430@example.com,90
usuario431,usuario431@example.com,95
usuario432,usuario432@example.com,19
usuario433,usuario433@example.com,24
usuario434,usuario434@example.com,29
usuario435,usuario435@example.com,34
usuario436,usuario436@example.com,39
usuario437,usuario437@example.com,44
usuario438,usuario438@example.com,49
usuario439,usuario439@example.com,54
usuario440,usuario440@example.com,59
usuario441,usuario441@example.com,64
usuario442,usuario442@example.com,69
usuario443,usuario443@example.com,74
usuario444,usuario444@example.com,79
usuario445,usuario445@example.com,84
usuario446,usuario446@example.com,89
usuario447,usuario447@example.com,94
usuario448,usuario448@example.com,18
usuario449,usuario449@example.com,23
usuario450,usuario450@example.com,28
usuario451,usuario451@example.com,33
usuario452,usuario452@example.com,38
usuario453,usuario453@example.com,43
usuario454,usuario454@example.com,48
usuario455,usuario455@example.com,53
usuario456,usuario456@example.com,58
usuario457,usuario457@example.com,63
usuario458,usuario458@example.com,68
usuario459,usuario459@example.com,73
usuario460,usuario460@example.com,78
usuario461,usuario461@example.com,83
usuario462,usuario462@example.com,88
usuario463,usuario463@example.com,93
usuario464,usuario464@example.com,17
usuario465,usuario465@example.com,22
usuario466,usuario466@example.com,27
usuario467,usuario467@example.com,32
usuario468,usuario468@example.com,37
usuario469,usuario469@example.com,42
usuario470,usuario470@example.com,47
usuario471,usuario471@example.com,52
usuario472,usuario472@example.com,57
usuario473,usuario473@example.com,62
usuario474,usuario474@example.com,67
usuario475,usuario475@example.com,72
usuario476,usuario476@example.com,77
usuario477,usuario477@example.com,82
usuario478,usuario478@example.com,87
usuario479,usuario479@example.com,92
usuario480,usuario480@example.com,16
usuario481,usuario481@example.com,21
usuario482,usuario482@example.com,26
usuario483,usuario483@example.com,29
usuario484,usuario484@example.com,34
usuario485,usuario485@example.com,39
usuario486,usuario486@example.com,44
usuario487,usuario487@example.com,49
usuario488,usuario488@example.com,54
usuario489,usuario489@example.com,59
usuario490,usuario490@example.com,64
usuario491,usuario491@example.com,69
usuario492,usuario492@example.com,74
usuario493,usuario493@example.com,79
usuario494,usuario494@example.com,84
usuario495,usuario495@example.com,89
usuario496,usuario496@example.com,94
usuario497,usuario497@example.com,15
usuario498,usuario498@example.com,20
usuario499,usuario499@example.com,25
usuario500,usuario500@example.com,30
usuario501,usuario501@example.com,35
usuario502,usuario502@example.com,40
usuario503,usuario503@example.com,45
usuario504,usuario504@example.com,50
usuario505,usuario505@example.com,55
usuario506,usuario506@example.com,60
usuario507,usuario507@example.com,65
usuario508,usuario508@example.com,70
usuario509,usuario509@example.com,75
usuario510,usuario510@example.com,80
usuario511,usuario511@example.com,85
usuario512,usuario512@example.com,90
usuario513,usuario513@example.com,14
usuario514,usuario514@example.com,19
usuario515,usuario515@example.com,24
usuario516,usuario516@example.com,29
usuario517,usuario517@example.com,34
usuario518,usuario518@example.com,36
usuario519,usuario519@example.com,41
usuario520,usuario520@example.com,46
usuario521,usuario521@example.com,51
usuario522,usuario522@example.com,56
usuario523,usuario523@example.com,61
usuario524,usuario524@example.com,66
usuario525,usuario525@example.com,71
usuario526,usuario526@example.com,76
usuario527,usuario527@example.com,81
usuario528,usuario528@example.com,86
usuario529,usuario529@example.com,91
usuario530,usuario530@example.com,13
usuario531,usuario531@example.com,18
usuario532,usuario532@example.com,23
usuario533,usuario533@example.com,28
usuario534,usuario534@example.com,33
usuario535,usuario535@example.com,38
usuario536,usuario536@example.com,43
usuario537,usuario537@example.com,48
usuario538,usuario538@example.com,53
usuario539,usuario539@example.com,58
usuario540,usuario540@example.com,63
usuario541,usuario541@example.com,68
usuario542,usuario542@example.com,73
usuario543,usuario543@example.com,78
usuario544,usuario544@example.com,83
usuario545,usuario545@example.com,88
usuario546,usuario546@example.com,93
usuario547,usuario547@example.com,12
usuario548,usuario548@example.com,17
usuario549,usuario549@example.com,22
usuario550,usuario550@example.com,27
usuario551,usuario551@example.com,32
usuario552,usuario552@example.com,37
usuario553,usuario553@example.com,42
usuario554,usuario554@example.com,47
usuario555,usuario555@example.com,52
usuario556,usuario556@example.com,57
usuario557,usuario557@example.com,62
usuario558,usuario558@example.com,67
usuario559,usuario559@example.com,72
usuario560,usuario560@example.com,77
usuario561,usuario561@example.com,82
usuario562,usuario562@example.com,87
usuario563,usuario563@example.com,92
usuario564,usuario564@example.com,11
usuario565,usuario565@example.com,16
usuario566,usuario566@example.com,21
usuario567,usuario567@example.com,26
usuario568,usuario568@example.com,31
usuario569,usuario569@example.com,36
usuario570,usuario570@example.com,41
usuario571,usuario571@example.com,46
usuario572,usuario572@example.com,51
usuario573,usuario573@example.com,56
usuario574,usuario574@example.com,61
usuario575,usuario575@example.com,66
usuario576,usuario576@example.com,71
usuario577,usuario577@example.com,76
usuario578,usuario578@example.com,81
usuario579,usuario579@example.com,86
usuario580,usuario580@example.com,91
usuario581,usuario581@example.com,10
usuario582,usuario582@example.com,15
usuario583,usuario583@example.com,20
usuario584,usuario584@example.com,25
usuario585,usuario585@example.com,30
usuario586,usuario586@example.com,35
usuario587,usuario587@example.com,40
usuario588,usuario588@example.com,45
usuario589,usuario589@example.com,50
usuario590,usuario590@example.com,55
usuario591,usuario591@example.com,60
usuario592,usuario592@example.com,65
usuario593,usuario593@example.com,70
usuario594,usuario594@example.com,75
usuario595,usuario595@example.com,80
usuario596,usuario596@example.com,85
usuario597,usuario597@example.com,9
usuario598,usuario598@example.com,14
usuario599,usuario599@example.com,19
usuario600,usuario600@example.com,24
usuario601,usuario601@example.com,29
usuario602,usuario602@example.com,34
usuario603,usuario603@example.com,39
usuario604,usuario604@example.com,44
usuario605,usuario605@example.com,49
usuario606,usuario606@example.com,54
usuario607,usuario607@example.com,59
usuario608,usuario608@example.com,64
usuario609,usuario609@example.com,69
usuario610,usuario610@example.com,74
usuario611,usuario611@example.com,79
usuario612,usuario612@example.com,84
usuario613,usuario613@example.com,8
usuario614,usuario614@example.com,13
usuario615,usuario615@example.com,18
usuario616,usuario616@example.com,23
usuario617,usuario617@example.com,28
usuario618,usuario618@example.com,33
usuario619,usuario619@example.com,38
usuario620,usuario620@example.com,43
usuario621,usuario621@example.com,48
usuario622,usuario622@example.com,53
usuario623,usuario623@example.com,58
usuario624,usuario624@example.com,63
usuario625,usuario625@example.com,68
usuario626,usuario626@example.com,73
usuario627,usuario627@example.com,78
usuario628,usuario628@example.com,83
usuario629,usuario629@example.com,7
usuario630,usuario630@example.com,12
usuario631,usuario631@example.com,17
usuario632,usuario632@example.com,22
usuario633,usuario633@example.com,27
usuario634,usuario634@example.com,32
usuario635,usuario635@example.com,37
usuario636,usuario636@example.com,42
usuario637,usuario637@example.com,47
usuario638,usuario638@example.com,52
usuario639,usuario639@example.com,57
usuario640,usuario640@example.com,62
usuario641,usuario641@example.com,67
usuario642,usuario642@example.com,72
usuario643,usuario643@example.com,77
usuario644,usuario644@example.com,82
usuario645,usuario645@example.com,6
usuario646,usuario646@example.com,11
usuario647,usuario647@example.com,16
usuario648,usuario648@example.com,21
usuario649,usuario649@example.com,26
usuario650,usuario650@example.com,31
usuario651,usuario651@example.com,36
usuario652,usuario652@example.com,41
usuario653,usuario653@example.com,46
usuario654,usuario654@example.com,51
usuario655,usuario655@example.com,56
usuario656,usuario656@example.com,61
usuario657,usuario657@example.com,66
usuario658,usuario658@example.com,71
usuario659,usuario659@example.com,76
usuario660,usuario660@example.com,81
usuario661,usuario661@example.com,5
usuario662,usuario662@example.com,10
usuario663,usuario663@example.com,15
usuario664,usuario664@example.com,20
usuario665,usuario665@example.com,25
usuario666,usuario666@example.com,30
usuario667,usuario667@example.com,35
usuario668,usuario668@example.com,40
usuario669,usuario669@example.com,45
usuario670,usuario670@example.com,50
usuario671,usuario671@example.com,55
usuario672,usuario672@example.com,60
usuario673,usuario673@example.com,65
usuario674,usuario674@example.com,70
usuario675,usuario675@example.com,75
usuario676,usuario676@example.com,40
usuario677,usuario677@example.com,19
usuario678,usuario678@example.com,14
usuario679,usuario679@example.com,19
usuario680,usuario680@example.com,24
usuario681,usuario681@example.com,29
usuario682,usuario682@example.com,34
usuario683,usuario683@example.com,39
usuario684,usuario684@example.com,44
usuario685,usuario685@example.com,49
usuario686,usuario686@example.com,54
usuario687,usuario687@example.com,59
usuario688,usuario688@example.com,64
usuario689,usuario689@example.com,69
usuario690,usuario690@example.com,74
usuario691,usuario691@example.com,79
usuario692,usuario692@example.com,30
usuario693,usuario693@example.com,18
usuario694,usuario694@example.com,13
usuario695,usuario695@example.com,18
usuario696,usuario696@example.com,23
usuario697,usuario697@example.com,28
usuario698,usuario698@example.com,33
usuario699,usuario699@example.com,38
usuario700,usuario700@example.com,43
usuario701,usuario701@example.com,34
usuario702,usuario702@example.com,5